Unnamed: 0,日付,売上合計(円),ペールエール(本),ペールエール(円),ラガー(本),ラガー(円),IPA(本),IPA(円),ホワイトビール(本),ホワイトビール(円),黒ビール(本),黒ビール(円),フルーツビール(本),フルーツビール(円),降水量,平均気温,平均湿度,平均風速,weekday_土,weekday_月,weekday_木,weekday_水,weekday_火,weekday_金,total_beers_sold,天気
0,2024-04-01,25300,6,6000,5,4000,5,4500,4,3600,6,7200,0,0,3.0,14.6,73,2.8,False,True,False,False,False,False,26,晴後薄曇
1,2024-04-02,24600,6,6000,4,3200,5,4500,3,2700,6,7200,1,1000,0.0,14.2,50,3.0,False,False,False,False,True,False,25,雨時々曇
2,2024-04-03,18500,5,5000,4,3200,3,2700,2,1800,4,4800,1,1000,11.5,13.9,83,1.6,False,False,False,True,False,False,19,曇一時雨
3,2024-04-04,9500,2,2000,2,1600,2,1800,1,900,1,1200,2,2000,4.0,15.4,79,2.0,False,False,True,False,False,False,10,曇時々雨
4,2024-04-05,17100,3,3000,5,4000,3,2700,2,1800,3,3600,2,2000,0.5,11.4,71,2.8,False,False,False,False,False,True,18,曇
5,2024-04-06,34900,11,11000,8,6400,6,5400,3,2700,7,8400,1,1000,0.0,12.7,81,1.8,True,False,False,False,False,False,36,薄曇時々晴一時雨
6,2024-04-08,8600,2,2000,2,1600,1,900,1,900,1,1200,2,2000,0.0,18.8,85,2.0,False,True,False,False,False,False,9,大雨一時曇
7,2024-04-09,4800,1,1000,1,800,1,900,1,900,1,1200,0,0,55.5,15.6,78,4.4,False,False,False,False,True,False,5,晴
8,2024-04-10,14700,3,3000,3,2400,2,1800,1,900,3,3600,3,3000,0.0,11.7,47,3.2,False,False,False,True,False,False,15,晴後薄曇
9,2024-04-11,18100,6,6000,4,3200,3,2700,2,1800,2,2400,2,2000,0.0,14.0,62,2.5,False,False,True,False,False,False,19,曇一時雨
10,2024-04-12,28400,7,7000,5,4000,6,5400,6,5400,3,3600,3,3000,2.5,15.0,73,2.3,False,False,False,False,False,True,30,薄曇時々晴
11,2024-04-13,31400,8,8000,8,6400,6,5400,4,3600,5,6000,2,2000,0.0,16.4,68,2.3,True,False,False,False,False,False,33,快晴
12,2024-04-15,32400,10,10000,6,4800,6,5400,6,5400,4,4800,2,2000,0.0,19.4,65,2.8,False,True,False,False,False,False,34,晴一時曇
13,2024-04-16,20600,6,6000,5,4000,5,4500,3,2700,2,2400,1,1000,0.0,19.2,66,5.3,False,False,False,False,True,False,22,晴時々曇
14,2024-04-17,24800,6,6000,6,4800,4,3600,4,3600,4,4800,2,2000,0.0,20.1,70,3.0,False,False,False,True,False,False,26,曇後一時雨
15,2024-04-18,6800,2,2000,1,800,1,900,1,900,1,1200,1,1000,1.5,17.9,67,2.7,False,False,True,False,False,False,7,晴一時薄曇
16,2024-04-19,32000,9,9000,9,7200,6,5400,4,3600,4,4800,2,2000,0.0,18.3,46,5.6,False,False,False,False,False,True,34,曇
17,2024-04-20,26000,8,8000,5,4000,5,4500,3,2700,4,4800,2,2000,0.0,19.4,48,2.5,True,False,False,False,False,False,27,曇後一時雨
18,2024-04-22,21600,6,6000,6,4800,3,2700,5,4500,3,3600,0,0,7.0,15.6,89,2.2,False,True,False,False,False,False,23,曇
19,2024-04-23,31100,7,7000,8,6400,6,5400,5,4500,4,4800,3,3000,0.0,16.9,82,2.1,False,False,False,False,True,False,33,雨
20,2024-04-24,8600,2,2000,2,1600,1,900,1,900,1,1200,2,2000,20.5,15.0,94,2.1,False,False,False,True,False,False,9,晴一時曇
21,2024-04-25,25700,7,7000,6,4800,3,2700,4,3600,3,3600,4,4000,0.5,19.5,78,2.2,False,False,True,False,False,False,27,曇
22,2024-04-26,31900,10,10000,7,5600,4,3600,5,4500,6,7200,1,1000,0.0,20.3,72,2.4,False,False,False,False,False,True,33,雨後曇
23,2024-04-27,18000,6,6000,4,3200,3,2700,3,2700,2,2400,1,1000,0.0,19.5,84,1.9,True,False,False,False,False,False,19,晴後一時薄曇
24,2024-04-29,13400,2,2000,3,2400,2,1800,2,1800,2,2400,3,3000,0.0,21.2,80,3.7,False,True,False,False,False,False,14,曇一時雨
25,2024-04-30,19500,6,6000,3,2400,3,2700,2,1800,3,3600,3,3000,2.5,20.9,84,2.4,False,False,False,False,True,False,20,
26,2024-05-01,4800,1,1000,1,800,1,900,1,900,1,1200,0,0,26.5,16.5,92,3.0,False,False,False,True,False,False,5,晴時々曇
27,2024-05-02,23300,6,6000,7,5600,4,3600,5,4500,3,3600,0,0,3.0,15.3,70,2.9,False,False,True,False,False,False,25,快晴
28,2024-05-03,42700,9,9000,12,9600,6,5400,7,6300,7,8400,4,4000,0.0,17.7,63,2.6,False,False,False,False,False,True,45,快晴
29,2024-05-04,25500,8,8000,7,5600,4,3600,3,2700,3,3600,2,2000,0.0,20.9,57,2.4,True,False,False,False,False,False,27,晴
30,2024-05-06,16900,5,5000,4,3200,4,3600,3,2700,2,2400,0,0,0.0,20.9,68,5.7,False,True,False,False,False,False,18,雨後時々曇
31,2024-05-07,19700,5,5000,5,4000,4,3600,3,2700,2,2400,2,2000,5.0,20.0,88,4.1,False,False,False,False,True,False,21,曇後時々雨
32,2024-05-08,19100,5,5000,4,3200,3,2700,4,3600,3,3600,1,1000,8.0,17.8,83,2.8,False,False,False,True,False,False,20,雨時々曇後晴
33,2024-05-09,14400,3,3000,3,2400,2,1800,2,1800,2,2400,3,3000,1.5,13.7,70,2.5,False,False,True,False,False,False,15,晴
34,2024-05-10,44500,10,10000,10,8000,8,7200,7,6300,5,6000,7,7000,0.0,17.5,50,3.5,False,False,False,False,False,True,47,晴
35,2024-05-11,21500,4,4000,6,4800,4,3600,3,2700,2,2400,4,4000,0.0,20.3,61,5.4,True,False,False,False,False,False,23,曇
36,2024-05-13,4800,1,1000,1,800,1,900,1,900,1,1200,0,0,58.5,19.3,96,3.8,False,True,False,False,False,False,5,曇後晴
37,2024-05-14,26900,7,7000,5,4000,4,3600,5,4500,4,4800,3,3000,0.0,16.9,71,2.6,False,False,False,False,True,False,28,薄曇
38,2024-05-15,9500,4,4000,2,1600,2,1800,1,900,1,1200,0,0,1.5,19.4,76,2.7,False,False,False,True,False,False,10,晴時々曇一時雨
39,2024-05-16,8500,2,2000,2,1600,2,1800,1,900,1,1200,1,1000,10.0,18.7,79,4.0,False,False,True,False,False,False,9,晴一時薄曇
40,2024-05-17,28600,10,10000,7,5600,5,4500,3,2700,4,4800,1,1000,0.0,20.6,50,2.8,False,False,False,False,False,True,30,晴後一時薄曇
41,2024-05-18,33600,7,7000,7,5600,4,3600,4,3600,4,4800,9,9000,0.0,21.9,59,2.5,True,False,False,False,False,False,35,曇後時々雨
42,2024-05-20,9500,3,3000,2,1600,2,1800,1,900,1,1200,1,1000,34.0,17.4,92,1.9,False,True,False,False,False,False,10,薄曇
43,2024-05-21,15100,3,3000,4,3200,3,2700,2,1800,2,2400,2,2000,0.0,22.5,74,2.8,False,False,False,False,True,False,16,薄曇一時晴
44,2024-05-22,16200,3,3000,4,3200,2,1800,2,1800,2,2400,4,4000,0.0,20.6,61,3.5,False,False,False,True,False,False,17,曇
45,2024-05-23,17700,4,4000,3,2400,3,2700,2,1800,4,4800,2,2000,0.0,21.4,75,3.0,False,False,True,False,False,False,18,薄曇後一時晴
46,2024-05-24,45800,10,10000,9,7200,8,7200,6,5400,5,6000,10,10000,0.0,23.3,67,2.5,False,False,False,False,False,True,48,晴時々曇
47,2024-05-25,21900,6,6000,5,4000,4,3600,3,2700,3,3600,2,2000,0.0,21.4,52,3.3,True,False,False,False,False,False,23,晴時々薄曇
48,2024-05-27,25700,7,7000,7,5600,4,3600,3,2700,4,4800,2,2000,0.0,22.3,84,4.3,False,True,False,False,False,False,27,雨時々曇
49,2024-05-28,8500,2,2000,2,1600,2,1800,1,900,1,1200,1,1000,19.0,24.0,91,5.2,False,False,False,False,True,False,9,曇後晴
50,2024-05-29,26900,7,7000,5,4000,4,3600,3,2700,3,3600,6,6000,0.5,22.0,71,3.7,False,False,False,True,False,False,28,晴後曇
51,2024-05-30,29400,6,6000,7,5600,5,4500,5,4500,4,4800,4,4000,0.0,22.5,73,3.0,False,False,True,False,False,False,31,雨後曇
52,2024-05-31,16200,4,4000,3,2400,3,2700,3,2700,2,2400,2,2000,34.0,19.0,90,2.1,False,False,False,False,False,True,17,
53,2024-06-01,20200,6,6000,4,3200,3,2700,3,2700,3,3600,2,2000,0.0,20.9,75,2.6,True,False,False,False,False,False,21,大雨時々曇、雷を伴う
54,2024-06-03,4800,1,1000,1,800,1,900,1,900,1,1200,0,0,25.5,18.3,88,2.2,False,True,False,False,False,False,5,晴
55,2024-06-04,17100,4,4000,4,3200,3,2700,2,1800,2,2400,3,3000,0.0,19.5,75,2.5,False,False,False,False,True,False,18,快晴
56,2024-06-05,22400,5,5000,6,4800,5,4500,3,2700,2,2400,3,3000,0.0,21.4,64,2.7,False,False,False,True,False,False,24,曇
57,2024-06-06,26000,7,7000,5,4000,5,4500,3,2700,4,4800,3,3000,0.0,22.0,72,3.0,False,False,True,False,False,False,27,晴時々曇
58,2024-06-07,62900,20,20000,14,11200,9,8100,10,9000,8,9600,5,5000,0.0,22.1,67,2.7,False,False,False,False,False,True,66,晴後薄曇
59,2024-06-08,27300,6,6000,7,5600,4,3600,5,4500,3,3600,4,4000,0.0,22.8,66,2.7,True,False,False,False,False,False,29,曇後一時雨
60,2024-06-10,12200,3,3000,3,2400,2,1800,2,1800,1,1200,2,2000,17.0,20.7,85,2.4,False,True,False,False,False,False,13,晴時々薄曇
61,2024-06-11,22800,5,5000,6,4800,4,3600,2,1800,3,3600,4,4000,0.0,24.0,73,3.2,False,False,False,False,True,False,24,薄曇後晴
62,2024-06-12,12400,3,3000,3,2400,2,1800,2,1800,2,2400,1,1000,0.0,24.6,74,3.1,False,False,False,True,False,False,13,曇後一時晴
63,2024-06-13,22000,6,6000,5,4000,3,2700,3,2700,3,3600,3,3000,0.0,22.6,81,2.0,False,False,True,False,False,False,23,快晴
64,2024-06-14,33000,7,7000,10,8000,7,6300,7,6300,2,2400,3,3000,0.0,25.9,67,2.7 ),False,False,False,False,False,True,36,薄曇
65,2024-06-15,23900,7,7000,5,4000,3,2700,4,3600,3,3600,3,3000,0.5,24.8,75,2.8,True,False,False,False,False,False,25,曇一時雨後晴
66,2024-06-17,39200,8,8000,10,8000,5,4500,9,8100,3,3600,7,7000,0.0,26.0,75,2.1,False,True,False,False,False,False,42,大雨
67,2024-06-18,5800,2,2000,1,800,1,900,1,900,1,1200,0,0,98.0,19.2,100,2.0,False,False,False,False,True,False,6,晴
68,2024-06-19,19000,4,4000,4,3200,3,2700,3,2700,2,2400,4,4000,0.0,23.5,72,2.7,False,False,False,True,False,False,20,薄曇
69,2024-06-20,26300,8,8000,6,4800,5,4500,6,5400,3,3600,0,0,0.0,24.4,75,3.2,False,False,True,False,False,False,28,大雨
70,2024-06-21,4800,1,1000,1,800,1,900,1,900,1,1200,0,0,44.0,20.1,94,2.8,False,False,False,False,False,True,5,薄曇時々晴
71,2024-06-22,17300,4,4000,4,3200,3,2700,2,1800,3,3600,2,2000,0.0,23.9,67,3.3,True,False,False,False,False,False,18,雨時々曇
72,2024-06-24,23100,4,4000,8,6400,6,5400,3,2700,3,3600,1,1000,0.0,26.7,81,2.1,False,True,False,False,False,False,25,曇
73,2024-06-25,25300,5,5000,7,5600,4,3600,5,4500,3,3600,3,3000,0.0,27.8,76,2.0,False,False,False,False,True,False,27,曇
74,2024-06-26,21500,4,4000,6,4800,3,2700,4,3600,2,2400,4,4000,0.0,26.9,73,2.6,False,False,False,True,False,False,23,曇一時晴
75,2024-06-27,20600,4,4000,6,4800,3,2700,3,2700,2,2400,4,4000,0.0,25.4,70,3.2,False,False,True,False,False,False,22,大雨
76,2024-06-28,11300,3,3000,3,2400,2,1800,1,900,1,1200,2,2000,82.5,22.0,98,1.9,False,False,False,False,False,True,12,曇後晴
77,2024-06-29,22100,6,6000,4,3200,3,2700,4,3600,3,3600,3,3000,0.0,23.7,87,2.0,True,False,False,False,False,False,23,曇後雨
78,2024-07-01,13800,3,3000,4,3200,3,2700,3,2700,1,1200,1,1000,12.5,26.3,89,4.8,False,True,False,False,False,False,15,曇
79,2024-07-02,21400,4,4000,6,4800,4,3600,4,3600,2,2400,3,3000,0.0,27.3,80,2.3,False,False,False,False,True,False,23,薄曇時々晴
80,2024-07-03,39500,7,7000,10,8000,6,5400,7,6300,4,4800,8,8000,0.0,27.7,77,2.6,False,False,False,True,False,False,42,晴後一時曇
81,2024-07-04,30100,6,6000,7,5600,5,4500,6,5400,3,3600,5,5000,0.0,29.3,75,2.7,False,False,True,False,False,False,32,快晴
82,2024-07-05,60400,11,11000,17,13600,10,9000,14,12600,6,7200,7,7000,0.0,30.2,70,2.7,False,False,False,False,False,True,65,薄曇後一時大雨、雷を伴う
83,2024-07-06,4600,1,1000,1,800,1,900,1,900,0,0,1,1000,36.0,28.1,84,2.1,True,False,False,False,False,False,5,薄曇一時晴
84,2024-07-08,39500,8,8000,13,10400,6,5400,9,8100,3,3600,4,4000,0.0,30.9,73,2.3,False,True,False,False,False,False,43,曇時々雨一時晴
85,2024-07-09,18700,4,4000,5,4000,3,2700,4,3600,2,2400,2,2000,0.0,30.1,72,2.8,False,False,False,False,True,False,20,曇
86,2024-07-10,26800,5,5000,9,7200,5,4500,5,4500,3,3600,2,2000,0.0,29.5,70,3.7,False,False,False,True,False,False,29,曇時々雨
87,2024-07-11,17600,5,5000,5,4000,3,2700,3,2700,1,1200,2,2000,0.5,27.8,77,4.0,False,False,True,False,False,False,19,雨
88,2024-07-12,20000,5,5000,4,3200,5,4500,3,2700,3,3600,1,1000,13.5,24.4,93,1.8,False,False,False,False,False,True,21,薄曇後一時雨
89,2024-07-13,27500,7,7000,6,4800,4,3600,5,4500,3,3600,4,4000,0.0,26.2,82,2.7,True,False,False,False,False,False,29,曇時々雨
90,2024-07-15,23700,6,6000,9,7200,5,4500,4,3600,2,2400,0,0,0.5,24.6,87,2.4,False,True,False,False,False,False,26,雨時々曇
91,2024-07-16,5800,1,1000,1,800,1,900,1,900,1,1200,1,1000,11.5,23.9,90,1.8,False,False,False,False,True,False,6,曇
92,2024-07-17,13900,3,3000,4,3200,2,1800,3,2700,1,1200,2,2000,1.0,25.8,87,1.7,False,False,False,True,False,False,15,薄曇後一時晴
93,2024-07-18,41800,8,8000,12,9600,7,6300,7,6300,3,3600,8,8000,0.0,28.4,77,2.3,False,False,True,False,False,False,45,曇後一時晴
94,2024-07-19,34100,6,6000,12,9600,5,4500,6,5400,3,3600,5,5000,0.0,30.0,72,3.0,False,False,False,False,False,True,37,晴後曇
95,2024-07-20,11200,2,2000,3,2400,2,1800,2,1800,1,1200,2,2000,45.0,30.7,76,2.6,True,False,False,False,False,False,12,晴時々薄曇
96,2024-07-22,27100,5,5000,8,6400,4,3600,7,6300,4,4800,1,1000,9.5,30.5,75,2.6,False,True,False,False,False,False,29,快晴
97,2024-07-23,24500,6,6000,7,5600,5,4500,4,3600,4,4800,0,0,0.0,29.5,82,2.9,False,False,False,False,True,False,26,曇時々晴、雷を伴う
98,2024-07-24,27400,6,6000,7,5600,4,3600,4,3600,3,3600,5,5000,0.0,30.1,69,2.2,False,False,False,True,False,False,29,晴時々薄曇一時雨
99,2024-07-25,18700,5,5000,5,4000,2,1800,3,2700,1,1200,4,4000,0.5,30.2,72,2.4,False,False,True,False,False,False,20,薄曇
100,2024-07-26,52800,10,10000,15,12000,10,9000,12,10800,5,6000,5,5000,0.0,30.1,73,2.4,False,False,False,False,False,True,57,薄曇後一時雨
101,2024-07-27,22500,5,5000,5,4000,4,3600,5,4500,2,2400,3,3000,0.5,30.3,76,1.9,True,False,False,False,False,False,24,薄曇
102,2024-07-29,26000,6,6000,8,6400,4,3600,6,5400,3,3600,1,1000,0.0,32.3,61,3.1,False,True,False,False,False,False,28,曇時々晴後一時雨
103,2024-07-30,19700,4,4000,5,4000,3,2700,4,3600,2,2400,3,3000,0.5,30.8,68,2.3,False,False,False,False,True,False,21,曇後一時雨
104,2024-07-31,13000,3,3000,4,3200,2,1800,2,1800,1,1200,2,2000,42.5,29.4,77,2.7,False,False,False,True,False,False,14,
105,2024-08-01,24400,5,5000,6,4800,4,3600,4,3600,2,2400,5,5000,0.0,28.5,74,2.4,False,False,True,False,False,False,26,曇後晴
106,2024-08-02,45300,8,8000,17,13600,11,9900,8,7200,3,3600,3,3000,0.0,28.7,74,2.6,False,False,False,False,False,True,50,晴一時曇
107,2024-08-03,22700,4,4000,6,4800,4,3600,3,2700,3,3600,4,4000,0.0,29.4,73,2.6,True,False,False,False,False,False,24,晴
108,2024-08-05,19700,4,4000,5,4000,4,3600,3,2700,2,2400,3,3000,0.0,30.0,72,2.6,False,True,False,False,False,False,21,曇
109,2024-08-06,26300,5,5000,7,5600,4,3600,5,4500,3,3600,4,4000,0.0,29.9,74,2.3,False,False,False,False,True,False,28,薄曇後一時晴
110,2024-08-07,10200,2,2000,3,2400,2,1800,2,1800,1,1200,1,1000,76.5,28.9,80,2.6,False,False,False,True,False,False,11,晴時々曇
111,2024-08-08,27900,5,5000,9,7200,6,5400,5,4500,4,4800,1,1000,0.0,28.1,87,2.2,False,False,True,False,False,False,30,晴一時曇
112,2024-08-09,41100,9,9000,12,9600,6,5400,7,6300,4,4800,6,6000,0.0,30.0,74,2.7,False,False,False,False,False,True,44,晴後薄曇
113,2024-08-10,26100,6,6000,7,5600,6,5400,5,4500,3,3600,1,1000,0.0,30.0,69,2.7,True,False,False,False,False,False,28,晴後薄曇
114,2024-08-12,22200,5,5000,8,6400,3,2700,3,2700,2,2400,3,3000,0.0,31.2,70,3.9,False,True,False,False,False,False,24,晴
115,2024-08-13,26400,5,5000,6,4800,5,4500,5,4500,3,3600,4,4000,0.0,30.8,73,3.6,False,False,False,False,True,False,28,晴
116,2024-08-14,15800,3,3000,5,4000,3,2700,3,2700,2,2400,1,1000,0.0,30.4,74,2.7,False,False,False,True,False,False,17,晴時々薄曇
117,2024-08-15,22200,5,5000,7,5600,4,3600,4,3600,2,2400,2,2000,0.0,30.3,75,2.7,False,False,True,False,False,False,24,大雨、雷を伴う
118,2024-08-16,5600,1,1000,2,1600,1,900,1,900,1,1200,0,0,90.0,26.7,95,4.2,False,False,False,False,False,True,6,晴後一時雨
119,2024-08-17,20300,4,4000,6,4800,3,2700,4,3600,1,1200,4,4000,0.0,30.4,74,2.7,True,False,False,False,False,False,22,曇後晴
120,2024-08-19,15100,3,3000,4,3200,3,2700,2,1800,2,2400,2,2000,22.0,29.2,83,2.4,False,True,False,False,False,False,16,晴一時雨
121,2024-08-20,34800,7,7000,10,8000,5,4500,5,4500,4,4800,6,6000,0.5,28.3,81,2.4,False,False,False,False,True,False,37,曇時々晴
122,2024-08-21,6600,1,1000,2,1600,1,900,1,900,1,1200,1,1000,21.0,28.3,83,2.8,False,False,False,True,False,False,7,曇時々雨、雷を伴う
123,2024-08-22,19600,5,5000,6,4800,3,2700,3,2700,2,2400,2,2000,16.0,27.5,91,3.1,False,False,True,False,False,False,21,曇後晴
124,2024-08-23,41900,12,12000,12,9600,7,6300,8,7200,4,4800,2,2000,0.0,28.9,83,4.0,False,False,False,False,False,True,45,晴時々曇
125,2024-08-24,20500,5,5000,5,4000,4,3600,3,2700,1,1200,4,4000,1.0,29.4,80,3.2,True,False,False,False,False,False,22,晴時々曇一時雨
126,2024-08-26,21800,5,5000,6,4800,3,2700,3,2700,3,3600,3,3000,0.0,29.2,76,4.4,False,True,False,False,False,False,23,曇時々雨
127,2024-08-27,6600,1,1000,2,1600,1,900,1,900,1,1200,1,1000,30.0,27.7,85,4.7,False,False,False,False,True,False,7,曇
128,2024-08-28,18800,4,4000,5,4000,3,2700,3,2700,2,2400,3,3000,0.0,28.0,82,3.5,False,False,False,True,False,False,20,薄曇時々雨
129,2024-08-29,10200,2,2000,3,2400,2,1800,2,1800,1,1200,1,1000,23.0,27.1,89,2.7,False,False,True,False,False,False,11,大雨後時々曇
130,2024-08-30,11200,2,2000,3,2400,2,1800,2,1800,1,1200,2,2000,84.0,26.0,99,3.2,False,False,False,False,False,True,12,曇時々雨
131,2024-08-31,7500,2,2000,2,1600,1,900,2,1800,1,1200,0,0,15.5,27.1,95,3.6,True,False,False,False,False,False,8,
132,2024-09-02,25900,6,6000,7,5600,5,4500,6,5400,2,2400,2,2000,0.0,29.3,80,4.9,False,True,False,False,False,False,28,曇時々雨
133,2024-09-03,12200,2,2000,3,2400,2,1800,2,1800,1,1200,3,3000,9.5,24.9,88,2.8,False,False,False,False,True,False,13,晴時々曇
134,2024-09-04,29900,6,6000,9,7200,4,3600,5,4500,3,3600,5,5000,0.0,25.4,76,2.9,False,False,False,True,False,False,32,晴
135,2024-09-05,19900,5,5000,4,3200,3,2700,4,3600,2,2400,3,3000,0.0,26.7,76,2.5,False,False,True,False,False,False,21,晴一時薄曇
136,2024-09-06,51200,12,12000,13,10400,8,7200,10,9000,3,3600,9,9000,0.0,28.3,78,2.2,False,False,False,False,False,True,55,晴後一時薄曇
137,2024-09-07,33700,6,6000,10,8000,6,5400,5,4500,4,4800,5,5000,0.0,28.7,80,2.5,True,False,False,False,False,False,36,晴
138,2024-09-09,20600,5,5000,6,4800,4,3600,4,3600,3,3600,0,0,2.5,28.3,80,2.6,False,True,False,False,False,False,22,晴
139,2024-09-10,24500,6,6000,6,4800,5,4500,4,3600,3,3600,2,2000,0.0,28.6,82,2.8,False,False,False,False,True,False,26,晴
140,2024-09-11,24900,5,5000,8,6400,5,4500,6,5400,3,3600,0,0,0.0,29.6,79,3.0,False,False,False,True,False,False,27,晴
141,2024-09-12,28800,6,6000,7,5600,5,4500,7,6300,2,2400,4,4000,0.0,29.6,79,3.1,False,False,True,False,False,False,31,晴
142,2024-09-13,34500,7,7000,10,8000,6,5400,5,4500,3,3600,6,6000,0.0,29.6,73,3.8,False,False,False,False,False,True,37,晴
143,2024-09-14,20400,4,4000,6,4800,4,3600,4,3600,2,2400,2,2000,0.0,29.5,74,4.4,True,False,False,False,False,False,22,晴後一時薄曇
144,2024-09-16,24600,5,5000,6,4800,4,3600,4,3600,3,3600,4,4000,2.0,25.7,89,2.6,False,True,False,False,False,False,26,晴一時曇
145,2024-09-17,20900,6,6000,5,4000,3,2700,2,1800,2,2400,4,4000,0.0,27.7,79,2.5,False,False,False,False,True,False,22,晴後曇一時雨
146,2024-09-18,14800,3,3000,4,3200,3,2700,3,2700,1,1200,2,2000,2.5,28.8,82,2.2,False,False,False,True,False,False,16,薄曇一時雨、雷を伴う
147,2024-09-19,21200,4,4000,7,5600,4,3600,4,3600,2,2400,2,2000,0.0,27.7,84,1.7,False,False,True,False,False,False,23,晴後一時薄曇
148,2024-09-20,39000,7,7000,10,8000,9,8100,7,6300,3,3600,6,6000,0.0,29.4,77,2.2,False,False,False,False,False,True,42,薄曇
149,2024-09-21,22200,4,4000,6,4800,6,5400,4,3600,2,2400,2,2000,0.0,28.5,76,3.3,True,False,False,False,False,False,24,曇時々雨
150,2024-09-23,18200,4,4000,4,3200,3,2700,3,2700,3,3600,2,2000,8.0,22.6,79,3.5,False,True,False,False,False,False,19,晴時々曇
151,2024-09-24,26500,7,7000,7,5600,4,3600,3,2700,3,3600,4,4000,0.0,20.9,68,3.1,False,False,False,False,True,False,28,曇時々雨
152,2024-09-25,12600,3,3000,2,1600,2,1800,2,1800,2,2400,2,2000,4.5,20.4,82,2.9,False,False,False,True,False,False,13,晴時々曇
153,2024-09-26,21600,7,7000,6,4800,4,3600,2,1800,2,2400,2,2000,0.5,24.1,82,2.5,False,False,True,False,False,False,23,雨時々曇
154,2024-09-27,31600,7,7000,8,6400,4,3600,4,3600,5,6000,5,5000,8.0,23.3,95,2.1,False,False,False,False,False,True,33,曇
155,2024-09-28,30700,8,8000,6,4800,6,5400,5,4500,5,6000,2,2000,0.0,24.0,84,2.1,True,False,False,False,False,False,32,曇後時々雨
156,2024-09-30,15300,5,5000,3,2400,3,2700,2,1800,2,2400,1,1000,0.0,22.7,76,2.1,False,True,False,False,False,False,16,
157,2024-10-01,15200,4,4000,4,3200,2,1800,2,1800,2,2400,2,2000,0.5,23.3,81,2.6,False,False,False,False,True,False,16,晴時々薄曇
158,2024-10-02,29400,6,6000,7,5600,4,3600,4,3600,3,3600,7,7000,0.0,26.5,77,2.9,False,False,False,True,False,False,31,曇時々雨
159,2024-10-03,16000,3,3000,5,4000,2,1800,2,1800,2,2400,3,3000,11.0,23.1,87,2.7,False,False,True,False,False,False,17,曇一時雨
160,2024-10-04,25000,5,5000,7,5600,5,4500,5,4500,2,2400,3,3000,2.0,25.9,87,3.5,False,False,False,False,False,True,27,雨一時曇
161,2024-10-05,14300,3,3000,3,2400,3,2700,2,1800,2,2400,2,2000,9.5,21.3,94,2.5,True,False,False,False,False,False,15,曇一時雨
162,2024-10-07,27100,4,4000,7,5600,4,3600,5,4500,2,2400,7,7000,0.0,25.0,83,2.9,False,True,False,False,False,False,29,雨
163,2024-10-08,8500,2,2000,2,1600,2,1800,1,900,1,1200,1,1000,33.5,18.8,97,3.0,False,False,False,False,True,False,9,雨後一時曇
164,2024-10-09,4800,1,1000,1,800,1,900,1,900,1,1200,0,0,53.5,16.0,93,2.9,False,False,False,True,False,False,5,曇
165,2024-10-10,11200,3,3000,3,2400,2,1800,2,1800,1,1200,1,1000,0.0,17.8,75,2.6,False,False,True,False,False,False,12,薄曇
166,2024-10-11,31000,7,7000,8,6400,5,4500,5,4500,3,3600,5,5000,0.0,19.0,69,1.9,False,False,False,False,False,True,33,晴
167,2024-10-12,30400,8,8000,6,4800,6,5400,6,5400,4,4800,2,2000,0.0,20.6,73,1.9,True,False,False,False,False,False,32,晴
168,2024-10-14,20900,6,6000,4,3200,4,3600,3,2700,2,2400,3,3000,0.0,20.8,71,2.3,False,True,False,False,False,False,22,晴
169,2024-10-15,19600,6,6000,6,4800,3,2700,3,2700,2,2400,1,1000,0.0,22.1,72,2.2,False,False,False,False,True,False,21,曇
170,2024-10-16,21000,4,4000,5,4000,3,2700,3,2700,3,3600,4,4000,0.0,22.6,76,1.5,False,False,False,True,False,False,22,曇一時雨
171,2024-10-17,21100,5,5000,5,4000,3,2700,2,1800,3,3600,4,4000,0.0,22.8,79,2.3,False,False,True,False,False,False,22,曇時々雨
172,2024-10-18,22600,5,5000,5,4000,4,3600,4,3600,2,2400,4,4000,2.0,21.6,92,1.8,False,False,False,False,False,True,24,曇
173,2024-10-19,14900,3,3000,4,3200,2,1800,3,2700,1,1200,3,3000,1.5,24.2,84,2.7,True,False,False,False,False,False,16,晴時々曇一時雨
174,2024-10-21,12200,3,3000,3,2400,2,1800,2,1800,1,1200,2,2000,0.0,16.2,61,2.7,False,True,False,False,False,False,13,晴時々曇
175,2024-10-22,29300,6,6000,7,5600,5,4500,6,5400,4,4800,3,3000,0.0,19.7,69,1.9,False,False,False,False,True,False,31,曇時々雨
176,2024-10-23,21700,5,5000,5,4000,4,3600,3,2700,2,2400,4,4000,6.5,21.9,90,2.3,False,False,False,True,False,False,23,曇一時晴
177,2024-10-24,16300,3,3000,3,2400,2,1800,3,2700,2,2400,4,4000,0.0,22.6,79,2.2,False,False,True,False,False,False,17,曇一時雨
178,2024-10-25,40300,9,9000,10,8000,7,6300,4,3600,7,8400,5,5000,0.5,20.2,77,2.4,False,False,False,False,False,True,42,曇
179,2024-10-26,24800,6,6000,6,4800,5,4500,3,2700,4,4800,2,2000,0.0,19.0,80,1.7,True,False,False,False,False,False,26,曇一時晴後一時雨
180,2024-10-28,11000,3,3000,4,3200,2,1800,2,1800,1,1200,0,0,8.0,18.8,87,1.9,False,True,False,False,False,False,12,曇後雨
181,2024-10-29,5800,1,1000,1,800,1,900,1,900,1,1200,1,1000,24.5,15.4,79,2.9,False,False,False,False,True,False,6,雨後薄曇
182,2024-10-30,5800,1,1000,1,800,1,900,1,900,1,1200,1,1000,17.5,16.8,79,3.2,False,False,False,True,False,False,6,薄曇
183,2024-10-31,17800,5,5000,6,4800,2,1800,2,1800,2,2400,2,2000,0.0,16.2,65,2.0,False,False,True,False,False,False,19,
184,2024-11-01,45700,11,11000,14,11200,9,8100,8,7200,6,7200,1,1000,0.5,17.0,76,1.4,False,False,False,False,False,True,49,雨
185,2024-11-02,4800,1,1000,1,800,1,900,1,900,1,1200,0,0,33.5,16.0,99,1.9,True,False,False,False,False,False,5,快晴
186,2024-11-04,19800,6,6000,6,4800,3,2700,3,2700,3,3600,0,0,0.0,17.2,71,2.4,False,True,False,False,False,False,21,曇一時晴
187,2024-11-05,26800,6,6000,5,4000,4,3600,4,3600,3,3600,6,6000,0.0,16.6,73,2.3,False,False,False,False,True,False,28,曇後一時晴
188,2024-11-06,18300,5,5000,4,3200,3,2700,2,1800,3,3600,2,2000,0.5,14.4,71,2.1,False,False,False,True,False,False,19,快晴
189,2024-11-07,30100,8,8000,5,4000,4,3600,5,4500,5,6000,4,4000,0.0,13.4 ),52 ),3.8,False,False,True,False,False,False,31,晴一時曇
190,2024-11-08,28700,7,7000,8,6400,4,3600,5,4500,6,7200,0,0,0.0,11.8,57,2.1 ),False,False,False,False,False,True,30,晴後時々曇
191,2024-11-09,27100,7,7000,6,4800,5,4500,4,3600,6,7200,0,0,0.0,12.7,63,2.2,True,False,False,False,False,False,28,曇
192,2024-11-11,21100,6,6000,4,3200,4,3600,3,2700,3,3600,2,2000,0.5,16.3,85,1.6,False,True,False,False,False,False,22,晴時々曇
193,2024-11-12,30500,8,8000,9,7200,5,4500,4,3600,6,7200,0,0,0.0,16.3,77,1.5,False,False,False,False,True,False,32,晴
194,2024-11-13,24600,8,8000,6,4800,5,4500,3,2700,3,3600,1,1000,0.0,16.5,63,2.3,False,False,False,True,False,False,26,曇一時晴
195,2024-11-14,39200,9,9000,8,6400,7,6300,5,4500,5,6000,7,7000,0.0,15.8,69,1.8,False,False,True,False,False,False,41,曇一時雨
196,2024-11-15,28600,7,7000,6,4800,5,4500,3,2700,3,3600,6,6000,7.5,15.9,91,1.8,False,False,False,False,False,True,30,曇
197,2024-11-16,14200,4,4000,3,2400,4,3600,2,1800,2,2400,0,0,0.0,16.7,75,2.3,True,False,False,False,False,False,15,晴一時曇
198,2024-11-18,24900,5,5000,5,4000,3,2700,4,3600,3,3600,6,6000,0.0,13.7,58,3.3,False,True,False,False,False,False,26,晴
199,2024-11-19,31300,9,9000,7,5600,4,3600,3,2700,7,8400,2,2000,0.0,9.7,48,3.2,False,False,False,False,True,False,32,雨時々曇
200,2024-11-20,7600,2,2000,2,1600,1,900,1,900,1,1200,1,1000,5.5,7.6,82,2.5,False,False,False,True,False,False,8,雨時々曇一時晴
201,2024-11-21,21700,5,5000,6,4800,4,3600,3,2700,3,3600,2,2000,6.5,10.5,98,1.8,False,False,True,False,False,False,23,晴
202,2024-11-22,31900,8,8000,6,4800,5,4500,4,3600,5,6000,5,5000,0.0,11.9,82,1.6,False,False,False,False,False,True,33,晴
203,2024-11-23,7800,2,2000,2,1600,1,900,1,900,2,2400,0,0,0.0,12.0,48,3.5,True,False,False,False,False,False,8,晴
204,2024-11-25,25700,7,7000,4,3200,3,2700,4,3600,6,7200,2,2000,0.0,9.9,58,2.0,False,True,False,False,False,False,26,晴後曇
205,2024-11-26,16400,3,3000,4,3200,2,1800,2,1800,3,3600,3,3000,8.5,10.0,70,2.1,False,False,False,False,True,False,17,晴時々曇
206,2024-11-27,5800,2,2000,1,800,1,900,1,900,1,1200,0,0,18.0,14.5,79,2.4,False,False,False,True,False,False,6,快晴
207,2024-11-28,27900,7,7000,7,5600,5,4500,4,3600,6,7200,0,0,0.0,13.2,45,2.9,False,False,True,False,False,False,29,晴
208,2024-11-29,50900,13,13000,9,7200,8,7200,7,6300,11,13200,4,4000,0.0,11.4,44,2.5,False,False,False,False,False,True,52,快晴
209,2024-11-30,30400,6,6000,5,4000,4,3600,4,3600,6,7200,6,6000,0.0,10.4,54,2.0,True,False,False,False,False,False,31,
210,2024-12-02,20100,6,6000,5,4000,3,2700,2,1800,3,3600,2,2000,0.0,11.4,72,1.9,False,True,False,False,False,False,21,快晴
211,2024-12-03,28400,6,6000,5,4000,5,4500,3,2700,6,7200,4,4000,0.0,11.9,77,1.8,False,False,False,False,True,False,29,晴一時薄曇
212,2024-12-04,31800,7,7000,6,4800,7,6300,3,2700,5,6000,5,5000,0.0,12.7,60,2.0,False,False,False,True,False,False,33,薄曇時々晴
213,2024-12-05,14600,4,4000,3,2400,2,1800,2,1800,3,3600,1,1000,0.0,11.5,55,1.7,False,False,True,False,False,False,15,快晴
214,2024-12-06,47100,10,10000,11,8800,8,7200,7,6300,9,10800,4,4000,0.0,11.0,51,2.4,False,False,False,False,False,True,49,晴後一時曇
215,2024-12-07,15700,3,3000,3,2400,2,1800,1,900,3,3600,4,4000,0.0,8.9,55,2.1,True,False,False,False,False,False,16,晴一時曇
216,2024-12-09,15800,5,5000,3,2400,3,2700,1,900,4,4800,0,0,0.0,7.7,46,2.8,False,True,False,False,False,False,16,快晴
217,2024-12-10,29100,8,8000,5,4000,7,6300,2,1800,5,6000,3,3000,0.0,8.5,53,1.9,False,False,False,False,True,False,30,薄曇後晴
218,2024-12-11,10700,3,3000,2,1600,2,1800,1,900,2,2400,1,1000,0.0,8.7,52,2.5,False,False,False,True,False,False,11,晴
219,2024-12-12,19400,5,5000,4,3200,2,1800,2,1800,3,3600,4,4000,0.0,7.1,40,3.0,False,False,True,False,False,False,20,薄曇一時晴
220,2024-12-13,30600,9,9000,6,4800,3,2700,3,2700,7,8400,3,3000,0.0,5.3,53,1.7,False,False,False,False,False,True,31,晴
221,2024-12-14,8800,2,2000,2,1600,1,900,1,900,2,2400,1,1000,0.0,7.2,44,3.5,True,False,False,False,False,False,9,快晴
222,2024-12-16,21700,5,5000,3,2400,3,2700,2,1800,4,4800,5,5000,0.0,7.7,58,1.6,False,True,False,False,False,False,22,快晴
223,2024-12-17,21200,6,6000,4,3200,5,4500,3,2700,4,4800,0,0,0.0,8.0,61,1.9,False,False,False,False,True,False,22,晴時々薄曇
224,2024-12-18,17700,3,3000,3,2400,3,2700,2,1800,4,4800,3,3000,0.0,7.6,55,2.4,False,False,False,True,False,False,18,晴時々雨一時雪、あられを伴う
225,2024-12-19,20300,6,6000,5,4000,3,2700,2,1800,4,4800,1,1000,0.5,5.2,61,2.8,False,False,True,False,False,False,21,薄曇一時晴
226,2024-12-20,31800,7,7000,6,4800,7,6300,5,4500,6,7200,2,2000,0.0,6.5,58,1.7,False,False,False,False,False,True,33,晴
227,2024-12-21,14600,2,2000,3,2400,2,1800,2,1800,3,3600,3,3000,0.0,9.4,61,3.4,True,False,False,False,False,False,15,晴
228,2024-12-23,20500,5,5000,3,2400,3,2700,2,1800,3,3600,5,5000,0.0,6.1,40,2.9,False,True,False,False,False,False,21,快晴
229,2024-12-24,24900,6,6000,5,4000,6,5400,3,2700,4,4800,2,2000,0.0,6.7,47,2.8,False,False,False,False,True,False,26,曇時々晴
230,2024-12-25,25400,7,7000,6,4800,4,3600,2,1800,6,7200,1,1000,0.0,7.7,46,2.5,False,False,False,True,False,False,26,晴
231,2024-12-26,8800,2,2000,2,1600,1,900,1,900,2,2400,1,1000,0.0,8.9,54,1.7,False,False,True,False,False,False,9,晴後一時曇
232,2024-12-27,30400,6,6000,6,4800,6,5400,4,3600,8,9600,1,1000,0.0,7.4,51,2.2,False,False,False,False,False,True,31,晴後一時曇
233,2024-12-28,16900,4,4000,5,4000,3,2700,2,1800,2,2400,2,2000,0.0,5.4,59,1.7,True,False,False,False,False,False,18,快晴
234,2024-12-30,18800,4,4000,3,2400,4,3600,2,1800,5,6000,1,1000,0.0,6.2,53,2.1,False,True,False,False,False,False,19,晴時々曇
235,2024-12-31,35900,11,11000,7,5600,8,7200,3,2700,7,8400,1,1000,0.0,8.0,55,2.2,False,False,False,False,True,False,37,
236,2025-01-01,15300,3,3000,4,3200,3,2700,2,1800,3,3600,1,1000,0.0,7.1,37,2.8,False,False,False,True,False,False,16,晴後一時曇
237,2025-01-02,29000,6,6000,6,4800,5,4500,3,2700,5,6000,5,5000,0.0,7.8,52,1.7,False,False,True,False,False,False,30,曇時々雨後一時晴
238,2025-01-03,23200,6,6000,4,3200,4,3600,2,1800,3,3600,5,5000,0.0,5.5,76,2.1,False,False,False,False,False,True,24,快晴
239,2025-01-04,12600,3,3000,2,1600,2,1800,2,1800,2,2400,2,2000,0.0,5.1,53,2.1,True,False,False,False,False,False,13,晴後薄曇
240,2025-01-06,5800,1,1000,1,800,1,900,1,900,1,1200,1,1000,25.0,4.5,75,1.8,False,True,False,False,False,False,6,雨一時曇後晴
241,2025-01-07,15400,4,4000,4,3200,2,1800,2,1800,3,3600,1,1000,0.0,8.1,72,2.3,False,False,False,False,True,False,16,晴
242,2025-01-08,9800,2,2000,2,1600,1,900,1,900,2,2400,2,2000,0.0,6.6,40,2.3,False,False,False,True,False,False,10,快晴
243,2025-01-09,13400,4,4000,3,2400,2,1800,2,1800,2,2400,1,1000,0.0,6.7,37,3.1,False,False,True,False,False,False,14,快晴
244,2025-01-10,27500,7,7000,4,3200,4,3600,3,2700,5,6000,5,5000,0.0,4.6,35,3.3,False,False,False,False,False,True,28,晴
245,2025-01-11,19400,6,6000,4,3200,2,1800,2,1800,3,3600,3,3000,0.0,5.3,42,2.2,True,False,False,False,False,False,20,曇
246,2025-01-13,16500,4,4000,3,2400,3,2700,2,1800,3,3600,2,2000,0.0,6.9,51,3.1,False,True,False,False,False,False,17,晴
247,2025-01-14,25200,6,6000,4,3200,4,3600,4,3600,4,4800,4,4000,0.0,6.4,56,1.5,False,False,False,False,True,False,26,晴後一時薄曇
248,2025-01-15,11700,3,3000,2,1600,2,1800,1,900,2,2400,2,2000,0.0,7.6,52,2.9,False,False,False,True,False,False,12,曇後一時晴
249,2025-01-16,14300,3,3000,4,3200,3,2700,2,1800,3,3600,0,0,0.0,4.6,50,2.2,False,False,True,False,False,False,15,快晴
250,2025-01-17,28200,6,6000,6,4800,3,2700,3,2700,5,6000,6,6000,0.0,4.9,44,3.8,False,False,False,False,False,True,29,晴
251,2025-01-18,11700,3,3000,2,1600,2,1800,1,900,2,2400,2,2000,0.0,4.6,47,2.1,True,False,False,False,False,False,12,曇後一時雨
252,2025-01-20,16600,3,3000,3,2400,4,3600,2,1800,4,4800,1,1000,0.5,9.2,72,1.7,False,True,False,False,False,False,17,晴時々曇
253,2025-01-21,22300,5,5000,4,3200,4,3600,3,2700,4,4800,3,3000,0.0,9.4,70,2.1,False,False,False,False,True,False,23,快晴
254,2025-01-22,10700,4,4000,2,1600,2,1800,1,900,2,2400,0,0,0.0,8.2,46,2.1,False,False,False,True,False,False,11,曇後晴
255,2025-01-23,25600,5,5000,4,3200,2,1800,4,3600,5,6000,6,6000,0.0,8.5,62,1.8,False,False,True,False,False,False,26,晴後一時曇
256,2025-01-24,34000,7,7000,6,4800,5,4500,5,4500,6,7200,6,6000,0.5,9.2,64,2.1,False,False,False,False,False,True,35,曇時々晴
257,2025-01-25,24500,5,5000,4,3200,4,3600,3,2700,5,6000,4,4000,0.0,6.8,70,2.3,True,False,False,False,False,False,25,快晴
258,2025-01-27,20400,5,5000,5,4000,4,3600,2,1800,5,6000,0,0,0.0,6.4,55,2.1,False,True,False,False,False,False,21,晴
259,2025-01-28,12700,3,3000,3,2400,2,1800,1,900,3,3600,1,1000,0.0,8.4,52,1.9,False,False,False,False,True,False,13,快晴
260,2025-01-29,6800,2,2000,1,800,1,900,1,900,1,1200,1,1000,0.0,7.0,38,2.9,False,False,False,True,False,False,7,快晴
261,2025-01-30,12600,3,3000,2,1600,2,1800,2,1800,2,2400,2,2000,0.0,6.5,41,1.9,False,False,True,False,False,False,13,快晴
262,2025-01-31,19100,4,4000,5,4000,3,2700,2,1800,3,3600,3,3000,0.0,7.1,38,2.6,False,False,False,False,False,True,20,
263,2025-02-01,11700,3,3000,2,1600,2,1800,1,900,2,2400,2,2000,0.0,7.5,49,1.8,True,False,False,False,False,False,12,雨後一時曇
264,2025-02-03,21700,6,6000,5,4000,3,2700,2,1800,6,7200,0,0,0.0,6.1,74,1.9,False,True,False,False,False,False,22,晴時々曇
265,2025-02-04,11500,3,3000,3,2400,2,1800,1,900,2,2400,1,1000,0.0,6.0,55,2.8,False,False,False,False,True,False,12,晴
266,2025-02-05,8800,2,2000,2,1600,1,900,1,900,2,2400,1,1000,0.0,4.1,41,3.2,False,False,False,True,False,False,9,晴
267,2025-02-06,11700,3,3000,2,1600,2,1800,1,900,2,2400,2,2000,0.0,4.0,37,2.5,False,False,True,False,False,False,12,晴
268,2025-02-07,22300,6,6000,5,4000,2,1800,3,2700,4,4800,3,3000,0.0,4.9,35,2.9,False,False,False,False,False,True,23,快晴
269,2025-02-08,15500,3,3000,2,1600,3,2700,2,1800,2,2400,4,4000,0.0,4.6,38,4.5,True,False,False,False,False,False,16,快晴
270,2025-02-10,36200,8,8000,9,7200,6,5400,4,3600,5,6000,6,6000,0.0,5.5,41,2.2,False,True,False,False,False,False,38,快晴
271,2025-02-11,9800,2,2000,2,1600,1,900,1,900,2,2400,2,2000,0.0,5.1,43,3.4,False,False,False,False,True,False,10,晴時々薄曇
272,2025-02-12,18300,5,5000,3,2400,3,2700,2,1800,2,2400,4,4000,0.0,7.2,55,2.8,False,False,False,True,False,False,19,快晴
273,2025-02-13,19400,5,5000,4,3200,4,3600,2,1800,4,4800,1,1000,0.0,7.4,43,4.3,False,False,True,False,False,False,20,晴
274,2025-02-14,26100,6,6000,6,4800,5,4500,2,1800,5,6000,3,3000,0.0,7.9,37,2.6,False,False,False,False,False,True,27,快晴
275,2025-02-15,16400,4,4000,3,2400,4,3600,2,1800,3,3600,1,1000,0.0,9.6,50,2.7,True,False,False,False,False,False,17,曇一時晴
276,2025-02-17,17500,3,3000,3,2400,3,2700,2,1800,3,3600,4,4000,0.0,9.3,50,3.2,False,True,False,False,False,False,18,晴後一時曇
277,2025-02-18,10700,3,3000,2,1600,2,1800,1,900,2,2400,1,1000,0.0,5.0,32,3.8,False,False,False,False,True,False,11,快晴
278,2025-02-19,7800,2,2000,2,1600,1,900,1,900,2,2400,0,0,0.0,3.9,36,3.9,False,False,False,True,False,False,8,晴
279,2025-02-20,13800,3,3000,2,1600,2,1800,2,1800,3,3600,2,2000,0.0,4.5,32,2.8,False,False,True,False,False,False,14,晴後薄曇
280,2025-02-21,24300,5,5000,5,4000,5,4500,2,1800,5,6000,3,3000,0.0,5.4,31,3.1,False,False,False,False,False,True,25,晴後一時曇
281,2025-02-22,17000,4,4000,3,2400,2,1800,2,1800,5,6000,1,1000,0.0,4.4,36,3.0,True,False,False,False,False,False,17,晴後一時曇
282,2025-02-24,13000,3,3000,2,1600,2,1800,2,1800,4,4800,0,0,0.0,4.8,39,3.4,False,True,False,False,False,False,13,快晴
283,2025-02-25,17100,5,5000,5,4000,3,2700,2,1800,3,3600,0,0,0.0,7.1,45,3.1,False,False,False,False,True,False,18,快晴
284,2025-02-26,25500,7,7000,4,3200,5,4500,2,1800,5,6000,3,3000,0.0,10.4,36,2.6,False,False,False,True,False,False,26,快晴
285,2025-02-27,31200,9,9000,5,4000,6,5400,4,3600,6,7200,2,2000,0.0,10.2,42,2.8,False,False,True,False,False,False,32,薄曇後晴
286,2025-02-28,41100,10,10000,11,8800,7,6300,4,3600,7,8400,4,4000,0.0,11.0,52,1.8,False,False,False,False,False,True,43,
287,2025-03-01,19300,3,3000,4,3200,3,2700,2,1800,3,3600,5,5000,0.0,13.3,58,2.9,True,False,False,False,False,False,20,晴時々薄曇
288,2025-03-03,10700,3,3000,2,1600,2,1800,1,900,2,2400,1,1000,30.0,5.9,89,3.6,False,True,False,False,False,False,11,曇後一時雨、みぞれを伴う
289,2025-03-04,5800,2,2000,1,800,1,900,1,900,1,1200,0,0,10.0,2.4,78,2.6,False,False,False,False,True,False,6,雨後一時霧雨
290,2025-03-05,5800,1,1000,1,800,1,900,1,900,1,1200,1,1000,16.5,5.3,99,3.1,False,False,False,True,False,False,6,曇
291,2025-03-06,10700,4,4000,2,1600,2,1800,1,900,2,2400,0,0,0.0,9.1,58,3.7,False,False,True,False,False,False,11,晴
292,2025-03-07,22700,7,7000,6,4800,4,3600,3,2700,3,3600,1,1000,0.0,6.9,39,4.6,False,False,False,False,False,True,24,曇後時々雨
293,2025-03-08,11700,3,3000,2,1600,2,1800,1,900,2,2400,2,2000,9.5,3.2,66,1.9,True,False,False,False,False,False,12,晴一時曇
294,2025-03-10,19600,4,4000,3,2400,4,3600,2,1800,4,4800,3,3000,0.0,9.1,45,2.8,False,True,False,False,False,False,20,曇時々雨
295,2025-03-11,19600,6,6000,3,2400,3,2700,3,2700,4,4800,1,1000,0.5,10.3,72,2.0,False,False,False,False,True,False,20,雨時々曇
296,2025-03-12,10700,3,3000,2,1600,2,1800,1,900,2,2400,1,1000,15.5,11.6,97,1.5,False,False,False,True,False,False,11,薄曇時々晴
297,2025-03-13,39200,8,8000,7,5600,6,5400,4,3600,8,9600,7,7000,0.0,14.5,69,2.2,False,False,True,False,False,False,40,薄曇後晴
298,2025-03-14,21600,4,4000,4,3200,3,2700,3,2700,5,6000,3,3000,0.0,12.8,33,3.3,False,False,False,False,False,True,22,曇後一時雨
299,2025-03-15,8000,2,2000,1,800,1,900,1,900,2,2400,1,1000,0.0,8.9,50,2.2,True,False,False,False,False,False,8,雨
300,2025-03-17,23300,7,7000,6,4800,2,1800,3,2700,5,6000,1,1000,0.0,10.0,63,3.1,False,True,False,False,False,False,24,薄曇一時晴
301,2025-03-18,7600,2,2000,2,1600,1,900,1,900,1,1200,1,1000,0.0,8.6,51,3.4,False,False,False,False,True,False,8,晴時々雨一時雪、雷・ひょうを伴う
302,2025-03-19,9700,2,2000,2,1600,2,1800,1,900,2,2400,1,1000,26.5,5.6,81,3.9,False,False,False,True,False,False,10,晴
303,2025-03-20,6800,2,2000,1,800,1,900,1,900,1,1200,1,1000,0.0,8.3,55,2.3,False,False,True,False,False,False,7,快晴
304,2025-03-21,42000,14,14000,8,6400,6,5400,4,3600,8,9600,3,3000,0.0,11.2,62,2.6,False,False,False,False,False,True,43,快晴
305,2025-03-22,19200,5,5000,3,2400,4,3600,2,1800,2,2400,4,4000,0.0,15.8,49,2.3,True,False,False,False,False,False,20,快晴
306,2025-03-24,9700,2,2000,2,1600,2,1800,1,900,2,2400,1,1000,0.0,14.8,75,2.3,False,True,False,False,False,False,10,晴
307,2025-03-25,10200,3,3000,3,2400,2,1800,2,1800,1,1200,0,0,0.0,17.8,61,3.2,False,False,False,False,True,False,11,晴
308,2025-03-26,13400,5,5000,3,2400,2,1800,2,1800,2,2400,0,0,0.0,20.4,45,3.8,False,False,False,True,False,False,14,薄曇一時晴
309,2025-03-27,13400,2,2000,3,2400,2,1800,2,1800,2,2400,3,3000,0.0,17.9,69,3.8,False,False,True,False,False,False,14,薄曇時々晴一時雨
310,2025-03-28,26900,6,6000,7,5600,3,2700,4,3600,5,6000,3,3000,2.5,19.9,79,4.2,False,False,False,False,False,True,28,雨
311,2025-03-29,7600,2,2000,2,1600,1,900,1,900,1,1200,1,1000,12.5,7.6,90,3.1,True,False,False,False,False,False,8,薄曇時々晴
312,2025-03-31,14800,4,4000,2,1600,2,1800,2,1800,3,3600,2,2000,0.0,7.0,62,3.0,False,True,False,False,False,False,15,
